City_ID,City,Country,Date,Lat,Lng,Max Temp,Humidity,Cloudiness,Wind Speed
0,Three Hills,CA,2022-02-13 19:30:28,51.7001,-113.2686,43.29,42,100,16.11
1,Shingu,JP,2022-02-13 19:36:36,33.7333,135.9833,45.91,87,100,4.81
2,Ushuaia,AR,2022-02-13 19:36:36,-54.8,-68.3,40.66,81,100,26.46
3,Mataura,NZ,2022-02-13 19:36:37,-46.1927,168.8643,46.47,97,27,2.95
4,Constitucion,CL,2022-02-13 19:36:38,-35.3333,-72.4167,67.98,70,53,9.31
5,Nikolskoye,RU,2022-02-13 19:36:39,59.7035,30.7861,33.87,89,100,12.95
6,Longyearbyen,SJ,2022-02-13 19:36:40,78.2186,15.6401,13.84,92,75,2.3
7,Albany,US,2022-02-13 19:34:48,42.6001,-73.9662,26.17,54,100,3.0
8,Hermanus,ZA,2022-02-13 19:36:41,-34.4187,19.2345,72.9,83,26,16.22
9,Healesville,AU,2022-02-13 19:35:39,-37.65,145.5167,66.31,65,36,3.18
10,Hecun,CN,2022-02-13 19:36:43,36.5333,114.1111,29.07,89,78,5.44
11,Tongliao,CN,2022-02-13 19:36:36,43.6125,122.2653,3.2,93,100,10.87
12,Yaan,NG,2022-02-13 19:36:44,7.3833,8.5667,87.01,11,99,3.74
13,Khatanga,RU,2022-02-13 19:36:44,71.9667,102.5,-24.38,93,83,2.77
14,Kapaa,US,2022-02-13 19:35:57,22.0752,-159.319,75.18,76,40,14.97
15,Atuona,PF,2022-02-13 19:36:46,-9.8,-139.0333,77.54,79,24,14.74
16,Ardakan,IR,2022-02-13 19:36:46,32.31,54.0175,46.78,42,0,6.35
17,Butaritari,KI,2022-02-13 19:36:47,3.0707,172.7902,81.77,75,52,12.62
18,Chokurdakh,RU,2022-02-13 19:36:48,70.6333,147.9167,-4.25,96,100,10.49
19,Batagay-Alyta,RU,2022-02-13 19:36:49,67.8006,130.4114,-9.22,83,100,3.22
20,Busselton,AU,2022-02-13 19:36:02,-33.65,115.3333,64.04,75,0,11.5
21,Izhmorskiy,RU,2022-02-13 19:36:50,56.194,86.6414,12.25,95,100,7.36
22,Komsomolskiy,UZ,2022-02-13 19:36:51,40.4272,71.7189,38.12,87,75,2.3
23,Cape Town,ZA,2022-02-13 19:33:03,-33.9258,18.4232,69.28,83,20,21.85
24,Kununurra,AU,2022-02-13 19:36:52,-15.7667,128.7333,80.58,83,2,3.44
25,Lerwick,GB,2022-02-13 19:36:52,60.1545,-1.1494,41.0,87,100,7.58
26,Fare,PF,2022-02-13 19:36:53,-16.7,-151.0167,80.78,74,100,15.82
27,Moron,AR,2022-02-13 19:36:53,-34.6534,-58.6198,80.98,33,0,10.6
28,Sawtell,AU,2022-02-13 19:36:54,-30.3833,153.1,66.22,94,75,4.61
29,Tasiilaq,GL,2022-02-13 19:36:54,65.6145,-37.6368,17.76,71,100,9.89
30,Vaini,TO,2022-02-13 19:36:55,-21.2,-175.2,80.76,83,40,5.75
31,Upernavik,GL,2022-02-13 19:35:58,72.7868,-56.1549,-6.79,96,100,14.14
32,Cabo San Lucas,MX,2022-02-13 19:34:55,22.8909,-109.9124,85.6,50,75,9.22
33,Voi,KE,2022-02-13 19:36:57,-3.3945,38.563,76.21,64,100,5.66
34,Pangody,RU,2022-02-13 19:36:57,65.85,74.4859,-13.95,96,85,9.1
35,Paamiut,GL,2022-02-13 19:36:58,61.994,-49.6678,12.7,95,100,19.13
36,Punta Arenas,CL,2022-02-13 19:34:45,-53.15,-70.9167,50.11,50,40,39.12
37,Ingham,US,2022-02-13 19:36:59,42.6,-84.3833,21.18,80,100,3.44
38,Ribeira Grande,PT,2022-02-13 19:36:59,38.5167,-28.7,61.2,59,40,4.61
39,Chernyshevskiy,RU,2022-02-13 19:37:00,63.0128,112.4714,-23.91,100,66,1.52
40,Bubaque,GW,2022-02-13 19:37:00,11.2833,-15.8333,78.37,69,5,13.94
41,Manthani,IN,2022-02-13 19:37:01,18.65,79.6667,66.16,22,6,2.95
42,Codrington,AU,2022-02-13 19:37:02,-38.2667,141.9667,59.86,89,61,6.78
43,New Norfolk,AU,2022-02-13 19:37:02,-42.7826,147.0587,60.3,68,90,0.98
44,Ucluelet,CA,2022-02-13 19:37:03,48.9329,-125.5528,52.09,65,98,1.01
45,Bluff,NZ,2022-02-13 19:37:04,-46.6,168.3333,46.8,87,9,6.11
46,Kijang,KR,2022-02-13 19:37:04,35.2442,129.2139,40.73,80,100,9.19
47,Prince Rupert,CA,2022-02-13 19:38:05,54.3161,-130.3201,42.89,87,100,19.57
48,Yumen,CN,2022-02-13 19:38:06,40.2833,97.2,27.16,42,100,12.41
49,Hobart,AU,2022-02-13 19:36:21,-42.8794,147.3294,60.66,82,75,14.97
50,Arraial Do Cabo,BR,2022-02-13 19:35:05,-22.9661,-42.0278,80.56,74,40,16.11
51,Bata,GQ,2022-02-13 19:38:08,1.8639,9.7658,80.46,94,40,6.91
52,Rikitea,PF,2022-02-13 19:34:44,-23.1203,-134.9692,78.26,72,76,12.1
53,Cabedelo,BR,2022-02-13 19:38:09,-6.9811,-34.8339,86.67,71,10,11.39
54,Constantine,DZ,2022-02-13 19:37:09,36.365,6.6147,47.61,66,40,3.44
55,Port Elizabeth,ZA,2022-02-13 19:38:11,-33.918,25.5701,70.09,78,75,12.66
56,Bambous Virieux,MU,2022-02-13 19:38:11,-20.3428,57.7575,81.21,89,75,6.91
57,Vila Franca Do Campo,PT,2022-02-13 19:38:12,37.7167,-25.4333,59.41,74,2,5.32
58,Mangrol,IN,2022-02-13 19:38:13,21.1167,70.1167,68.29,57,0,11.18
59,Dicabisagan,PH,2022-02-13 19:38:14,17.0818,122.4157,75.52,88,100,6.51
60,Lobito,AO,2022-02-13 19:34:59,-12.3481,13.5456,77.07,81,82,3.44
61,Cooma,AU,2022-02-13 19:38:16,-36.2333,149.1333,47.97,93,100,3.44
62,Leh,IN,2022-02-13 19:38:16,34.1667,77.5833,3.07,84,84,0.83
63,Qaanaaq,GL,2022-02-13 19:38:17,77.484,-69.3632,-7.82,89,100,2.95
64,Te Anau,NZ,2022-02-13 19:38:17,-45.4167,167.7167,47.35,88,34,1.59
65,Norman Wells,CA,2022-02-13 19:38:19,65.282,-126.8329,-11.16,64,75,5.75
66,Chicama,PE,2022-02-13 19:38:19,-7.8447,-79.1469,70.34,53,74,11.68
67,Victoria,HK,2022-02-13 19:33:59,22.2855,114.1577,60.33,87,100,5.99
68,Saint-Philippe,RE,2022-02-13 19:38:20,-21.3585,55.7679,80.19,85,34,7.47
69,Kokopo,PG,2022-02-13 19:38:21,-4.352,152.2633,76.59,85,100,5.68
70,East London,ZA,2022-02-13 19:38:22,-33.0153,27.9116,73.54,82,71,8.32
71,Samarai,PG,2022-02-13 19:38:23,-10.6167,150.6667,80.15,75,32,5.86
72,Yellowknife,CA,2022-02-13 19:37:50,62.456,-114.3525,-12.71,73,75,4.61
73,Asau,RO,2022-02-13 19:38:25,46.4333,26.4,30.96,82,100,3.71
74,Kingisepp,RU,2022-02-13 19:38:25,59.3733,28.6134,31.62,92,100,13.27
75,Puerto Ayora,EC,2022-02-13 19:38:26,-0.7393,-90.3518,82.36,87,87,8.01
76,Vangaindrano,MG,2022-02-13 19:38:27,-23.35,47.6,74.05,91,1,2.01
77,Victoria Falls,ZW,2022-02-13 19:38:28,-17.9235,25.843,69.17,73,1,1.19
78,Makaha,US,2022-02-13 19:38:28,21.4694,-158.2175,77.65,78,0,4.61
79,Jogindarnagar,IN,2022-02-13 19:38:29,31.9833,76.7667,49.71,40,96,6.38
80,Baruun-Urt,MN,2022-02-13 19:38:30,46.6806,113.2792,-17.46,99,72,2.33
81,Iquique,CL,2022-02-13 19:38:30,-20.2208,-70.1431,73.44,66,82,7.7
82,Tuktoyaktuk,CA,2022-02-13 19:38:31,69.4541,-133.0374,-36.4,74,20,9.22
83,Kailua,US,2022-02-13 19:38:32,21.4022,-157.7394,77.74,72,100,13.8
84,Blagoyevo,RU,2022-02-13 19:38:32,63.3667,47.9167,5.07,99,89,3.69
85,Katsuura,JP,2022-02-13 19:38:14,35.1333,140.3,38.1,97,100,30.96
86,Cidreira,BR,2022-02-13 19:38:34,-30.1811,-50.2056,70.32,91,100,7.7
87,Lambarene,GA,2022-02-13 19:38:34,-0.7001,10.2406,76.03,88,99,2.1
88,Luderitz,NA,2022-02-13 19:38:35,-26.6481,15.1594,75.22,62,0,12.1
89,Port Alfred,ZA,2022-02-13 19:35:57,-33.5906,26.891,72.9,84,96,10.2
90,Talcahuano,CL,2022-02-13 19:35:36,-36.7167,-73.1167,65.88,68,40,16.11
91,Santa Marinella,IT,2022-02-13 19:39:37,42.0345,11.8536,54.1,94,100,9.48
92,Ossora,RU,2022-02-13 19:39:37,59.2353,163.0719,-9.26,79,60,7.54
93,Cherskiy,RU,2022-02-13 19:39:38,68.75,161.3,-21.01,97,100,7.94
94,Hilo,US,2022-02-13 19:39:38,19.7297,-155.09,75.61,74,0,3.44
95,Victor Harbor,AU,2022-02-13 19:39:39,-35.5667,138.6167,69.8,87,32,1.01
96,Dong Xoai,VN,2022-02-13 19:39:39,11.5333,106.9167,74.35,78,99,2.55
97,Jizan,SA,2022-02-13 19:39:40,17.3333,42.6667,79.74,74,94,6.85
98,Jamestown,US,2022-02-13 19:39:41,42.097,-79.2353,22.64,38,100,5.75
99,Aksarka,RU,2022-02-13 19:39:41,66.5606,67.7975,-13.05,100,100,2.68
100,Bengkulu,ID,2022-02-13 19:39:42,-3.8004,102.2655,76.21,89,100,3.96
101,High Rock,BS,2022-02-13 19:39:42,26.6208,-78.2833,71.62,87,100,14.56
102,Matay,EG,2022-02-13 19:39:43,28.419,30.7792,57.94,62,3,17.18
103,Ponta Do Sol,PT,2022-02-13 19:39:44,32.6667,-17.1,65.07,60,96,2.33
104,Carnarvon,AU,2022-02-13 19:38:14,-24.8667,113.6333,77.07,88,3,5.75
105,Isangel,VU,2022-02-13 19:39:45,-19.55,169.2667,78.91,94,40,4.61
106,Xichang,CN,2022-02-13 19:39:46,27.8964,102.2634,38.64,72,0,1.36
107,Belmonte,BR,2022-02-13 19:39:46,-15.8631,-38.8828,84.2,87,100,10.42
108,Estelle,US,2022-02-13 19:39:47,29.8458,-90.1067,56.01,35,0,10.36
109,Bilibino,RU,2022-02-13 19:39:48,68.0546,166.4372,-32.6,100,87,2.37
110,Namatanai,PG,2022-02-13 19:39:48,-3.6667,152.4333,78.69,80,100,4.14
111,Souillac,MU,2022-02-13 19:37:15,-20.5167,57.5167,81.36,89,75,6.91
112,San Patricio,US,2022-02-13 19:39:49,28.017,-97.5169,64.17,22,0,6.93
113,Mikhaylovsk,RU,2022-02-13 19:39:50,45.1283,42.0256,26.98,89,0,7.0
114,Staraya Kulatka,RU,2022-02-13 19:39:50,52.7167,47.6167,27.55,89,91,12.28
115,Karratha,AU,2022-02-13 19:39:51,-20.7377,116.8463,84.02,63,84,7.49
116,Ust-Tsilma,RU,2022-02-13 19:39:51,65.441,52.1498,-2.56,100,58,3.96
117,Luena,AO,2022-02-13 19:39:52,-11.7833,19.9167,64.2,87,98,1.19
118,Broome,US,2022-02-13 19:39:52,42.2506,-75.833,24.62,60,100,11.5
119,Barrow,US,2022-02-13 19:37:59,71.2906,-156.7887,-29.18,68,0,9.22
120,Fuyu,CN,2022-02-13 19:38:36,45.1833,124.8167,-1.7,96,100,7.23
121,Ulladulla,AU,2022-02-13 19:39:53,-35.35,150.4667,60.87,79,100,7.16
122,Seoul,KR,2022-02-13 19:39:29,37.5683,126.9778,29.59,80,0,2.3
123,Pisco,PE,2022-02-13 19:39:55,-13.7,-76.2167,80.65,50,0,12.66
124,Provideniya,RU,2022-02-13 19:39:55,64.3833,-173.3,-14.48,95,19,3.15
125,Fort Nelson,CA,2022-02-13 19:39:56,58.8053,-122.7002,0.99,71,75,4.61
126,Hithadhoo,MV,2022-02-13 19:39:57,-0.6,73.0833,82.15,75,67,9.46
127,Lethem,GY,2022-02-13 19:39:59,3.3803,-59.7968,93.07,39,99,12.59
128,Praya,CV,2022-02-13 19:40:00,14.9215,-23.5087,75.74,64,0,18.41
129,Bredasdorp,ZA,2022-02-13 19:40:00,-34.5322,20.0403,69.12,73,92,14.97
130,Castro,BR,2022-02-13 19:38:46,-24.7911,-50.0119,81.64,52,6,2.91
131,Mogadishu,SO,2022-02-13 19:40:02,2.0371,45.3438,77.43,82,100,17.81
132,Ambulu,ID,2022-02-13 19:40:03,-8.345,113.6058,75.07,92,100,1.68
133,Georgetown,MY,2022-02-13 19:37:11,5.4112,100.3354,79.9,84,40,5.99
134,Chumikan,RU,2022-02-13 19:40:04,54.7183,135.315,-13.09,94,96,5.28
135,Coquimbo,CL,2022-02-13 19:36:41,-29.9533,-71.3436,73.13,53,0,13.8
136,Shelburne,CA,2022-02-13 19:41:05,44.0787,-80.2041,13.57,66,100,3.65
137,Axim,GH,2022-02-13 19:40:36,4.8699,-2.2405,79.39,86,7,7.96
138,Westport,US,2022-02-13 19:36:09,41.1415,-73.3579,32.45,79,100,12.66
139,Yarkovo,RU,2022-02-13 19:41:07,57.4028,67.0786,-8.41,100,67,0.6
140,Cartagena,CO,2022-02-13 19:36:31,10.3997,-75.5144,87.42,62,20,17.27
141,Presidencia Roque Saenz Pena,AR,2022-02-13 19:41:08,-26.7852,-60.4388,90.34,21,1,5.75
142,Mar Del Plata,AR,2022-02-13 19:37:00,-38.0023,-57.5575,69.82,60,0,10.0
143,Ostrovnoy,RU,2022-02-13 19:41:09,68.0531,39.5131,15.66,66,100,17.31
144,Mahebourg,MU,2022-02-13 19:38:50,-20.4081,57.7,81.25,89,75,6.91
145,Kodiak,US,2022-02-13 19:41:11,57.79,-152.4072,34.61,78,10,3.85
146,Teguldet,RU,2022-02-13 19:41:12,57.3064,88.1667,-0.08,92,64,9.78
147,Lavrentiya,RU,2022-02-13 19:41:12,65.5833,-171.0,-22.0,93,25,2.86
148,Nhulunbuy,AU,2022-02-13 19:41:13,-12.2333,136.7667,77.61,88,6,5.75
149,San Rafael,AR,2022-02-13 19:37:59,-34.6177,-68.3301,88.3,14,0,13.58
150,Ahipara,NZ,2022-02-13 19:39:12,-35.1667,173.1667,64.69,68,78,9.46
151,Marzuq,YE,2022-02-13 19:41:15,14.4,46.4667,59.99,44,2,3.62
152,Deputatskiy,RU,2022-02-13 19:39:33,69.3,139.9,-22.02,96,83,6.78
153,Mandurah,AU,2022-02-13 19:41:16,-32.55,115.7,78.17,63,0,8.34
154,Chuy,UY,2022-02-13 19:41:17,-33.6971,-53.4616,72.5,40,1,13.87
155,Cabrera,DO,2022-02-13 19:41:18,19.6426,-69.9049,85.93,68,0,15.82
156,Klaksvik,FO,2022-02-13 19:39:39,62.2266,-6.589,34.72,66,100,30.33
157,Charters Towers,AU,2022-02-13 19:41:19,-20.1,146.2667,68.85,82,1,7.16
158,Tiksi,RU,2022-02-13 19:37:09,71.6872,128.8694,-12.95,93,11,11.83
159,Beringovskiy,RU,2022-02-13 19:41:20,63.05,179.3167,-27.72,97,14,6.89
160,Camaqua,BR,2022-02-13 19:41:20,-30.8511,-51.8122,86.86,30,4,3.91
161,Magole,TZ,2022-02-13 19:41:21,-6.3667,37.3667,70.81,97,77,3.22
162,Saldanha,ZA,2022-02-13 19:41:22,-33.0117,17.9442,69.85,90,0,20.18
163,Minsk,BY,2022-02-13 19:40:44,53.9,27.5667,28.15,83,28,12.55
164,Fairbanks,US,2022-02-13 19:41:23,64.8378,-147.7164,13.82,83,100,0.0
165,Port Hardy,CA,2022-02-13 19:41:24,50.6996,-127.4199,46.76,76,75,5.75
166,Grand Gaube,MU,2022-02-13 19:41:25,-20.0064,57.6608,81.37,78,89,7.0
167,Ilulissat,GL,2022-02-13 19:41:25,69.2167,-51.1,23.02,50,75,13.8
168,Elmadag,TR,2022-02-13 19:41:26,39.9208,33.2308,33.93,89,100,5.7
169,Dikson,RU,2022-02-13 19:41:27,73.5069,80.5464,-4.09,87,100,25.34
170,Portland,US,2022-02-13 19:37:11,45.5234,-122.6762,60.94,46,0,5.75
171,Homer,US,2022-02-13 19:41:28,59.6425,-151.5483,34.77,94,100,0.0
172,Saint-Augustin,CA,2022-02-13 19:39:54,51.226,-58.6502,1.92,75,1,11.39
173,Kahului,US,2022-02-13 19:38:25,20.8947,-156.47,76.26,76,40,10.36
174,Jacareacanga,BR,2022-02-13 19:41:30,-6.2222,-57.7528,80.65,91,85,2.28
175,Faanui,PF,2022-02-13 19:41:31,-16.4833,-151.75,80.82,74,100,15.28
176,College,US,2022-02-13 19:41:32,64.8569,-147.8028,13.8,83,100,0.0
177,Owensboro,US,2022-02-13 19:41:32,37.7742,-87.1133,35.28,55,75,5.75
178,Dunedin,NZ,2022-02-13 19:37:54,-45.8742,170.5036,53.8,78,5,3.36
179,Beckley,US,2022-02-13 19:40:34,37.7782,-81.1882,31.23,69,100,10.36
180,Esperance,AU,2022-02-13 19:41:34,-33.8667,121.9,58.84,74,0,10.65
181,La Maddalena,IT,2022-02-13 19:41:35,41.2142,9.4083,48.36,78,52,4.76
182,Mandalgovi,MN,2022-02-13 19:41:35,45.7625,106.2708,-6.11,80,77,7.78
183,Torbay,CA,2022-02-13 19:42:36,47.6666,-52.7314,43.57,63,75,21.85
184,Chardara,KZ,2022-02-13 19:42:37,41.2547,67.9692,41.97,71,99,1.5
185,Nador,MA,2022-02-13 19:42:38,35.174,-2.9287,55.65,76,0,3.44
186,Zgorzelec,PL,2022-02-13 19:42:38,51.1494,15.0084,40.12,63,4,4.0
187,Srednekolymsk,RU,2022-02-13 19:42:39,67.45,153.6833,-33.47,99,18,6.06
188,Aripuana,BR,2022-02-13 19:42:39,-9.1667,-60.6333,77.5,94,99,0.76
189,Montes Claros,BR,2022-02-13 19:42:40,-16.735,-43.8617,80.38,61,40,8.05
190,Leshukonskoye,RU,2022-02-13 19:42:41,64.8989,45.7622,4.17,99,92,4.09
191,Jaque,PA,2022-02-13 19:42:42,7.5175,-78.1703,82.18,76,98,4.63
192,Kosh-Agach,RU,2022-02-13 19:42:42,50.0,88.6667,-21.91,97,53,2.24
193,Avarua,CK,2022-02-13 19:42:43,-21.2078,-159.775,78.85,83,100,3.44
194,Havre-Saint-Pierre,CA,2022-02-13 19:42:44,50.2334,-63.5986,5.59,55,0,9.22
195,Tolbazy,RU,2022-02-13 19:42:44,54.0241,55.8825,20.16,98,100,2.59
196,Irbeyskoye,RU,2022-02-13 19:42:45,55.6428,95.4522,-23.08,100,48,1.14
197,Makakilo City,US,2022-02-13 19:39:11,21.3469,-158.0858,76.28,69,0,5.75
198,Khasan,RU,2022-02-13 19:42:46,42.4308,130.6434,18.54,62,100,7.49
199,Moundsville,US,2022-02-13 19:42:46,39.9203,-80.7431,31.17,61,100,1.01
200,Thompson,CA,2022-02-13 19:42:47,55.7435,-97.8558,-7.44,71,100,8.05
201,Hasaki,JP,2022-02-13 19:42:48,35.7333,140.8333,34.29,92,100,33.24
202,Mangai,CD,2022-02-13 19:42:48,-4.05,19.5333,69.55,97,100,1.45
203,Taikang,CN,2022-02-13 19:42:49,46.8333,124.4167,-9.8,100,95,5.73
204,Namibe,AO,2022-02-13 19:42:50,-15.1961,12.1522,75.52,80,100,3.24
205,Atchison,US,2022-02-13 19:37:58,39.563,-95.1216,34.32,42,5,8.66
206,Sao Filipe,CV,2022-02-13 19:42:51,14.8961,-24.4956,75.6,59,52,11.52
207,Soure,BR,2022-02-13 19:42:51,-0.7167,-48.5233,77.58,86,100,5.59
208,Aswan,EG,2022-02-13 19:42:52,24.0934,32.907,69.1,22,0,9.22
209,Geraldton,AU,2022-02-13 19:42:53,-28.7667,114.6,73.81,88,100,6.91
210,Airai,TL,2022-02-13 19:42:54,-8.9266,125.4092,58.48,90,37,1.92
211,Amahai,ID,2022-02-13 19:42:55,-3.3333,128.9167,76.15,89,100,1.43
212,Jardim,BR,2022-02-13 19:42:55,-21.4803,-56.1381,97.07,25,73,6.98
213,Alghero,IT,2022-02-13 19:42:56,40.5589,8.3181,49.98,87,0,3.44
214,Mount Gambier,AU,2022-02-13 19:38:23,-37.8333,140.7667,60.71,94,100,9.22
215,Sao Jose Da Coroa Grande,BR,2022-02-13 19:42:57,-8.8978,-35.1478,82.53,71,8,13.85
216,Verdun,FR,2022-02-13 19:42:58,49.25,5.3333,48.88,79,99,13.35
217,Salalah,OM,2022-02-13 19:42:58,17.0151,54.0924,77.09,38,0,3.44
218,Cap Malheureux,MU,2022-02-13 19:42:59,-19.9842,57.6142,81.46,78,90,7.0
219,Krasnoselkup,RU,2022-02-13 19:43:00,65.7,82.4667,-1.8,92,62,13.0
220,Verkhoyansk,RU,2022-02-13 19:43:00,67.5447,133.385,-20.2,93,100,1.1
221,Makurdi,NG,2022-02-13 19:43:01,7.7411,8.5121,86.31,11,99,2.1
222,Nouakchott,MR,2022-02-13 19:43:01,18.0858,-15.9785,71.53,43,100,7.54
223,Kungurtug,RU,2022-02-13 19:43:02,50.5994,97.5228,-20.87,97,100,1.81
224,Dingle,PH,2022-02-13 19:43:03,10.9995,122.6711,74.28,93,91,6.38
225,Waipawa,NZ,2022-02-13 19:43:03,-41.4122,175.5153,54.45,82,100,12.17
226,Cockburn Town,TC,2022-02-13 19:39:08,21.4612,-71.1419,80.56,65,40,17.27
227,Abbeville,FR,2022-02-13 19:43:04,50.1,1.8333,53.49,77,100,24.47
228,Guerrero Negro,MX,2022-02-13 19:44:06,27.9769,-114.0611,80.01,21,15,4.81
229,Port Blair,IN,2022-02-13 19:44:07,11.6667,92.75,73.44,83,20,3.44
230,Shediac,CA,2022-02-13 19:44:07,46.2198,-64.5411,18.23,57,75,13.8
231,La Macarena,CO,2022-02-13 19:44:08,2.1837,-73.7849,92.34,36,100,6.15
232,Sur,OM,2022-02-13 19:44:08,22.5667,59.5289,71.98,68,0,4.0
233,Dhidhdhoo,MV,2022-02-13 19:44:09,6.8833,73.1,78.55,83,100,9.15
234,Vardo,NO,2022-02-13 19:44:09,70.3705,31.1107,26.58,63,75,24.16
235,Redmond,US,2022-02-13 19:43:42,47.674,-122.1215,59.34,57,4,1.99
236,Kota Kinabalu,MY,2022-02-13 19:44:10,5.9749,116.0724,75.18,94,20,3.44
237,Waddan,LY,2022-02-13 19:44:11,29.1614,16.139,55.78,39,0,10.51
238,Ha Tinh,VN,2022-02-13 19:44:12,18.3333,105.9,61.21,92,100,7.74
239,Atambua,ID,2022-02-13 19:44:13,-9.1061,124.8925,72.79,89,48,2.46
240,Bethel,US,2022-02-13 19:44:13,41.3712,-73.414,31.59,71,100,9.22
241,Tura,IN,2022-02-13 19:44:14,25.5198,90.2201,54.39,70,0,4.59
242,San Cristobal,VE,2022-02-13 19:44:15,7.7669,-72.225,80.78,36,97,4.59
243,Mpika,ZM,2022-02-13 19:44:15,-11.8343,31.4529,61.81,98,100,0.2
244,Tanout,NE,2022-02-13 19:44:16,14.9709,8.8879,70.86,10,0,10.94
245,Fairhope,US,2022-02-13 19:44:16,30.523,-87.9033,55.76,27,0,17.27
246,Lebu,CL,2022-02-13 19:44:17,-37.6167,-73.65,65.7,72,84,11.63
247,Papar,MY,2022-02-13 19:44:18,5.7333,115.9333,75.2,88,100,3.85
248,North Adams,US,2022-02-13 19:44:19,42.7009,-73.1087,28.74,55,100,4.61
249,Bara,NG,2022-02-13 19:41:05,10.3744,10.7288,78.71,14,9,7.74
250,Whitehorse,CA,2022-02-13 19:39:28,60.7161,-135.0538,18.1,85,75,3.44
251,Barvinkove,UA,2022-02-13 19:44:21,48.9097,37.0205,24.55,93,5,3.0
252,Peniche,PT,2022-02-13 19:44:22,39.3558,-9.3811,56.68,94,10,17.54
253,Savonlinna,FI,2022-02-13 19:44:22,61.8699,28.88,32.25,100,100,12.66
254,Clyde River,CA,2022-02-13 19:44:23,70.4692,-68.5914,-23.57,76,0,12.66
255,Serra,BR,2022-02-13 19:44:24,-20.1286,-40.3078,81.86,69,75,13.8
256,Olafsvik,IS,2022-02-13 19:44:24,64.8945,-23.7142,29.8,93,100,10.89
257,Marawi,PH,2022-02-13 19:44:25,7.9986,124.2928,63.64,91,100,2.95
258,Nantucket,US,2022-02-13 19:40:19,41.2835,-70.0995,37.51,86,100,17.27
259,Kulevcha,UA,2022-02-13 19:44:26,46.0303,29.9361,32.95,76,99,5.14
260,Adrar,MR,2022-02-13 19:44:26,20.5022,-10.0711,66.02,19,46,10.18
261,Maningrida,AU,2022-02-13 19:44:27,-12.0667,134.2667,76.21,84,8,6.42
262,Iskateley,RU,2022-02-13 19:44:27,67.6803,53.1512,-0.09,98,60,8.14
263,Saskylakh,RU,2022-02-13 19:44:28,71.9167,114.0833,-16.6,86,26,3.22
264,Pindwara,IN,2022-02-13 19:44:29,24.8,73.0667,59.83,28,0,2.13
265,Zaozerne,UA,2022-02-13 19:44:30,45.1582,33.2787,35.1,73,100,16.98
266,Korla,CN,2022-02-13 19:44:31,41.7597,86.1469,29.28,46,0,4.54
267,Kramat,ID,2022-02-13 19:44:32,-8.1311,113.4499,73.71,95,99,1.92
268,Sinegorye,RU,2022-02-13 19:44:33,62.0788,150.477,-27.27,97,18,1.61
269,Morondava,MG,2022-02-13 19:44:34,-20.2833,44.2833,80.22,84,83,2.42
270,Tessalit,ML,2022-02-13 19:43:20,20.1986,1.0114,68.41,16,19,11.39
271,Jerome,US,2022-02-13 19:45:35,42.7241,-114.5186,35.69,74,0,16.11
272,Jonesboro,US,2022-02-13 19:45:35,35.8423,-90.7043,44.04,48,0,13.8
273,Grand Forks,US,2022-02-13 19:44:12,47.9417,-97.4337,-0.22,81,100,21.85
274,Richards Bay,ZA,2022-02-13 19:45:36,-28.783,32.0377,75.78,91,44,4.5
275,Monastyrshchina,RU,2022-02-13 19:45:37,54.3496,31.838,23.52,84,47,13.58
276,Huaraz,PE,2022-02-13 19:45:38,-9.5333,-77.5333,57.29,80,99,7.02
277,Sosnovo-Ozerskoye,RU,2022-02-13 19:45:38,52.5249,111.5418,-25.96,100,97,4.43
278,Bibiani,GH,2022-02-13 19:45:39,6.4635,-2.3194,73.47,91,57,2.48
279,Shimoda,JP,2022-02-13 19:45:40,34.6667,138.95,36.1,91,100,23.87
280,Plettenberg Bay,ZA,2022-02-13 19:45:40,-34.0527,23.3716,67.26,85,29,3.58
281,Mordovo,RU,2022-02-13 19:45:41,52.0834,40.77,14.43,92,18,7.94
282,Sola,VU,2022-02-13 19:45:41,-13.8833,167.55,82.11,77,100,18.77
283,Palencia,ES,2022-02-13 19:45:42,42.4167,-4.5,45.91,88,100,25.81
284,Bella Union,UY,2022-02-13 19:45:43,-30.2752,-57.6007,84.2,18,0,8.01
285,Hermiston,US,2022-02-13 19:44:46,45.8404,-119.2895,50.99,68,0,0.0
286,Warri,NG,2022-02-13 19:45:44,5.5167,5.75,81.55,76,98,7.29
287,Moosomin,CA,2022-02-13 19:41:49,50.1333,-101.6677,28.26,87,100,24.09
288,Nizhnevartovsk,RU,2022-02-13 19:45:45,60.9344,76.5531,-3.98,77,0,11.18
289,Madona,LV,2022-02-13 19:45:46,56.8533,26.217,31.28,73,100,13.29
290,Alofi,NU,2022-02-13 19:45:47,-19.0595,-169.9187,78.69,89,100,6.91
291,Tecpan,GT,2022-02-13 19:45:48,14.7623,-90.9947,67.96,74,90,7.74
292,Taicheng,CN,2022-02-13 19:45:48,38.731,113.228,9.34,79,3,5.3
293,Alice Springs,AU,2022-02-13 19:45:49,-23.7,133.8833,60.35,77,0,5.75
294,Vila Velha,BR,2022-02-13 19:41:41,-20.3297,-40.2925,82.35,82,75,13.8
295,Konevo,RU,2022-02-13 19:45:50,62.1215,39.3192,22.28,95,100,8.57
296,Wasilla,US,2022-02-13 19:41:12,61.5814,-149.4394,31.75,93,100,0.0
297,Kaitangata,NZ,2022-02-13 19:45:52,-46.2817,169.8464,54.93,80,16,2.86
298,Guanica,PR,2022-02-13 19:45:52,17.9716,-66.908,84.13,61,9,8.99
299,Peachtree City,US,2022-02-13 19:42:59,33.3968,-84.5958,51.49,26,0,18.41
300,Severo-Kurilsk,RU,2022-02-13 19:45:53,50.6789,156.125,21.92,70,36,10.22
301,Borba,BR,2022-02-13 19:45:54,-4.3878,-59.5939,81.23,88,83,2.73
302,Leningradskiy,RU,2022-02-13 19:45:54,69.3833,178.4167,-16.15,93,97,5.91
303,San Quintin,MX,2022-02-13 19:45:55,30.4833,-115.95,76.03,20,9,7.52
304,Puerto Del Rosario,ES,2022-02-13 19:45:56,28.5004,-13.8627,65.95,77,20,9.22
305,Kieta,PG,2022-02-13 19:45:56,-6.2167,155.6333,78.82,83,90,0.87
306,Laguna,US,2022-02-13 19:45:57,38.421,-121.4238,79.43,44,0,3.44
307,Grakhovo,RU,2022-02-13 19:45:58,56.0502,51.9676,18.36,100,99,4.29
308,Nagykanizsa,HU,2022-02-13 19:45:58,46.4535,16.991,30.24,66,0,5.75
309,Vestmannaeyjar,IS,2022-02-13 19:45:59,63.4427,-20.2734,33.6,74,98,28.48
310,Lehi,US,2022-02-13 19:43:37,40.3916,-111.8508,54.95,32,0,5.01
311,Sungaipenuh,ID,2022-02-13 19:46:01,-2.0833,101.3833,63.77,93,100,1.32
312,Olinda,BR,2022-02-13 19:42:31,-8.0089,-34.8553,85.73,70,40,9.22
313,Pochutla,MX,2022-02-13 19:46:02,15.7432,-96.4661,88.83,44,100,9.93
314,Pemangkat,ID,2022-02-13 19:46:02,1.1667,108.9667,78.3,86,97,1.74
315,Port Hedland,AU,2022-02-13 19:46:03,-20.3167,118.5667,84.25,74,4,11.5
316,Camana,PE,2022-02-13 19:42:13,-16.6228,-72.7111,75.31,70,12,9.26
317,Brazzaville,CG,2022-02-13 19:46:04,-4.2658,15.2832,75.56,88,20,4.61
318,Florina,GR,2022-02-13 19:46:05,40.782,21.4098,38.52,96,99,3.98
319,Pangoa,PE,2022-02-13 19:47:06,-12.1167,-73.0,75.11,83,100,1.25
320,Staryy Nadym,RU,2022-02-13 19:47:06,65.6118,72.6842,-17.93,98,98,7.96
321,Bima,ID,2022-02-13 19:47:07,-8.4667,118.7167,75.67,92,90,2.08
322,Mayo,US,2022-02-13 19:47:08,38.8876,-76.5119,35.71,81,100,10.36
323,Nichinan,JP,2022-02-13 19:47:08,31.6,131.3667,52.75,92,100,6.96
324,At-Bashi,KG,2022-02-13 19:47:09,41.1702,75.8106,6.39,75,23,4.0
325,Nouadhibou,MR,2022-02-13 19:47:09,20.931,-17.0347,67.98,73,100,16.11
326,Atlantic City,US,2022-02-13 19:42:23,39.3643,-74.4229,37.98,83,100,6.91
327,Kautokeino,NO,2022-02-13 19:47:11,69.0125,23.0412,4.41,98,100,2.68
328,Buala,SB,2022-02-13 19:47:12,-8.145,159.5921,79.0,83,99,6.31
329,Wynyard,AU,2022-02-13 19:47:13,-41.0,145.7167,57.97,95,48,4.72
330,Whittlesea,ZA,2022-02-13 19:47:13,-32.1759,26.8244,65.26,91,80,5.3
331,Port Lincoln,AU,2022-02-13 19:47:14,-34.7333,135.8667,65.95,85,92,9.98
332,Sao Raimundo Nonato,BR,2022-02-13 19:47:15,-9.0153,-42.6994,77.85,80,85,3.09
333,Cuiluan,CN,2022-02-13 19:47:15,47.72,128.648,-13.58,100,99,0.98
334,Caravelas,BR,2022-02-13 19:47:16,-17.7125,-39.2481,79.74,76,90,9.73
335,Nizwa,OM,2022-02-13 19:47:17,22.9333,57.5333,64.13,61,0,3.6
336,Kroya,ID,2022-02-13 19:47:18,-7.6331,109.2461,76.1,89,100,4.85
337,Kupino,RU,2022-02-13 19:47:19,54.3663,77.2981,12.02,93,100,14.25
338,Atar,MR,2022-02-13 19:47:19,20.5169,-13.0499,71.78,17,100,9.06
339,Saint George,US,2022-02-13 19:46:46,37.1041,-113.5841,70.36,19,0,3.44
340,Aojiang,CN,2022-02-13 19:47:20,22.9421,116.0359,56.01,87,100,5.68
341,Akyab,MM,2022-02-13 19:47:21,20.15,92.9,64.33,57,87,7.4
342,Kavieng,PG,2022-02-13 19:47:21,-2.5744,150.7967,80.74,78,96,6.8
343,Kloulklubed,PW,2022-02-13 19:47:22,7.0419,134.2556,77.5,83,100,20.92
344,Los Llanos De Aridane,ES,2022-02-13 19:47:23,28.6585,-17.9182,62.35,66,20,10.36
345,Misratah,LY,2022-02-13 19:47:23,32.3754,15.0925,57.81,60,4,8.19
346,Abu Samrah,SY,2022-02-13 19:47:24,35.3029,37.1841,50.67,59,0,5.93
347,Serpa,PT,2022-02-13 19:47:25,37.9458,-7.5975,53.56,73,100,8.32
348,Pangnirtung,CA,2022-02-13 19:47:25,66.1451,-65.7125,-25.6,75,0,2.3
349,Boulder City,US,2022-02-13 19:47:26,35.9786,-114.8325,70.43,11,0,3.44
350,Jalu,LY,2022-02-13 19:47:27,29.0331,21.5482,56.95,48,81,7.45
351,Dongsheng,CN,2022-02-13 19:47:27,39.8161,109.9776,6.93,63,62,0.18
352,Jawad,IN,2022-02-13 19:47:28,24.6,74.85,57.67,38,0,4.79
353,Astoria,US,2022-02-13 19:45:00,46.1879,-123.8313,55.94,64,0,5.01
354,Grindavik,IS,2022-02-13 19:47:30,63.8424,-22.4338,28.87,93,75,6.91
355,Osoyoos,CA,2022-02-13 19:45:48,49.0331,-119.4524,40.33,64,47,2.3
356,Touros,BR,2022-02-13 19:47:31,-5.1989,-35.4608,88.7,71,10,12.5
357,Kavaratti,IN,2022-02-13 19:47:32,10.5669,72.642,80.55,72,66,5.06
358,Capanema,BR,2022-02-13 19:47:33,-1.1958,-47.1808,76.51,94,100,3.49
359,Abilene,US,2022-02-13 19:47:13,32.4487,-99.7331,63.09,22,0,11.5
360,Zhangye,CN,2022-02-13 19:47:34,38.9342,100.4517,26.04,47,99,1.48
361,Svetlaya,RU,2022-02-13 19:47:35,46.5389,138.3297,22.82,92,100,17.58
362,Barao De Melgaco,BR,2022-02-13 19:47:36,-16.1944,-55.9675,75.72,69,97,0.65
363,Shubarshi,KZ,2022-02-13 19:47:36,48.5872,57.1869,13.62,96,79,13.44
364,Sabha,LY,2022-02-13 19:47:37,27.0377,14.4283,57.06,24,0,8.81
365,Massakory,TD,2022-02-13 19:48:38,12.996,15.7293,79.79,11,65,10.47
366,San Antonio,US,2022-02-13 19:48:37,29.4241,-98.4936,65.91,22,0,11.5
367,Henties Bay,NA,2022-02-13 19:48:39,-22.116,14.2845,74.86,84,36,5.61
368,Roald,NO,2022-02-13 19:47:01,62.5833,6.1333,39.9,93,75,3.44
369,Tandil,AR,2022-02-13 19:48:40,-37.3217,-59.1332,77.97,29,0,13.04
370,Acapulco,MX,2022-02-13 19:45:24,16.8634,-99.8901,87.62,62,40,5.75
371,Yining,CN,2022-02-13 19:48:41,29.0361,114.5636,43.11,81,81,2.08
372,Bambanglipuro,ID,2022-02-13 19:48:41,-7.95,110.2833,61.61,94,100,5.84
373,Darhan,MN,2022-02-13 19:48:42,49.4867,105.9228,-12.6,98,100,2.64
374,Leo,BF,2022-02-13 19:48:42,11.1,-2.1,80.24,13,46,7.81
375,Saint-Joseph,RE,2022-02-13 19:48:43,-21.3667,55.6167,79.18,84,16,8.88
376,Placerville,US,2022-02-13 19:48:44,38.7296,-120.7986,77.54,27,0,4.61
377,Sinnamary,GF,2022-02-13 19:47:02,5.3833,-52.95,78.8,86,67,9.57
378,Xai-Xai,MZ,2022-02-13 19:48:45,-25.0519,33.6442,74.71,82,0,8.95
379,Klyuchi,RU,2022-02-13 19:47:09,52.2667,79.1667,23.95,94,100,11.92
380,Ciudad Bolivar,VE,2022-02-13 19:48:45,8.1222,-63.5497,87.78,43,100,7.67
381,Ancud,CL,2022-02-13 19:46:35,-41.8697,-73.8203,82.22,72,24,6.06
382,Greece,US,2022-02-13 19:48:47,43.2098,-77.6931,19.8,75,75,8.05
383,Odweyne,SO,2022-02-13 19:48:47,9.4092,45.064,66.13,44,94,11.41
384,Alizai,PK,2022-02-13 19:48:48,33.5383,70.3462,53.49,44,100,0.51
385,Balkhash,KZ,2022-02-13 19:48:48,46.844,74.9804,15.64,97,100,5.39
386,Kattivakkam,IN,2022-02-13 19:48:49,13.2167,80.3167,80.08,79,3,9.6
387,Khandyga,RU,2022-02-13 19:48:49,62.6667,135.6,-42.2,100,69,2.33
388,Ustka,PL,2022-02-13 19:48:50,54.5805,16.8619,37.02,69,100,15.43
389,Bull Savanna,JM,2022-02-13 19:48:51,17.8868,-77.5902,82.29,55,5,14.74
390,Kanniyakumari,IN,2022-02-13 19:48:51,8.0833,77.5667,77.86,76,90,17.2
391,Reconquista,AR,2022-02-13 19:48:52,-29.15,-59.65,88.99,15,0,5.66
392,Bukama,CD,2022-02-13 19:48:53,-9.2,25.85,69.51,97,100,2.21
393,Izhma,RU,2022-02-13 19:48:53,65.0083,53.9113,-0.78,99,67,4.65
394,Santa Cruz,BO,2022-02-13 19:48:54,-17.8,-63.1667,85.46,48,75,14.97
395,Macau,MO,2022-02-13 19:46:03,22.2006,113.5461,60.08,88,40,14.97
396,Saint-Andre-Les-Vergers,FR,2022-02-13 19:48:56,48.2853,4.0521,50.04,66,0,11.5
397,Kudahuvadhoo,MV,2022-02-13 19:48:56,2.6708,72.8944,81.55,78,100,10.83
398,Tuatapere,NZ,2022-02-13 19:48:57,-46.1333,167.6833,47.82,83,11,4.07
399,Sulmona,IT,2022-02-13 19:48:58,42.0479,13.9291,50.05,90,100,3.65
400,Yushan,CN,2022-02-13 19:48:58,31.3776,120.9543,41.99,83,0,5.21
401,Anito,PH,2022-02-13 19:48:59,12.4497,125.2886,76.33,86,100,8.03
402,Fortuna,US,2022-02-13 19:49:00,40.5982,-124.1573,44.94,54,84,3.83
403,Yuncheng,CN,2022-02-13 19:49:01,35.0231,110.9928,36.86,77,8,3.29
404,Horsham,GB,2022-02-13 19:49:01,51.064,-0.3272,50.32,90,75,17.27
405,Tautira,PF,2022-02-13 19:49:02,-17.7333,-149.15,86.02,76,91,16.15
406,Sao Sepe,BR,2022-02-13 19:49:03,-30.1606,-53.5653,82.35,16,0,11.54
407,Maralal,KE,2022-02-13 19:49:04,1.0968,36.698,62.67,59,64,5.08
408,Carutapera,BR,2022-02-13 19:49:05,-1.195,-46.02,79.39,85,100,6.93
409,Lagoa,PT,2022-02-13 19:49:05,39.05,-27.9833,56.43,61,92,5.41
410,Tibacuy,CO,2022-02-13 19:49:06,4.3511,-72.4564,97.61,26,41,13.09
411,Gamba,GA,2022-02-13 19:50:07,-2.65,10.0,77.68,86,95,4.12
412,Ballina,AU,2022-02-13 19:50:07,-28.8667,153.5667,64.78,99,40,4.61
413,Wanning,CN,2022-02-13 19:50:08,18.8003,110.3967,69.31,91,100,11.88
414,Inhumas,BR,2022-02-13 19:50:09,-16.3578,-49.4961,82.13,90,68,7.18
415,Washington,US,2022-02-13 19:50:09,47.5001,-120.5015,45.64,47,56,2.51
416,Port Macquarie,AU,2022-02-13 19:47:13,-31.4333,152.9167,63.9,79,99,2.04
417,Igarka,RU,2022-02-13 19:50:11,67.4667,86.5833,-11.11,89,10,7.61
418,Egvekinot,RU,2022-02-13 19:50:12,66.3167,-179.1667,-19.95,92,90,7.23
419,Sisimiut,GL,2022-02-13 19:50:13,66.9395,-53.6735,3.65,90,100,28.25
420,Faya,SA,2022-02-13 19:50:13,18.3851,42.4509,57.72,41,69,3.98
421,Berdigestyakh,RU,2022-02-13 19:50:14,62.0989,126.6992,-28.59,100,100,1.59
422,Nelson Bay,AU,2022-02-13 19:50:15,-32.7167,152.15,64.99,72,100,9.48
423,Wamba,NG,2022-02-13 19:50:15,8.9333,8.6,79.74,14,9,3.09
424,Taft,IR,2022-02-13 19:50:16,31.7471,54.2088,40.95,53,0,6.91
425,Synya,RU,2022-02-13 19:50:16,65.3718,58.0387,9.34,95,91,5.99
426,Rayachoti,IN,2022-02-13 19:50:17,14.05,78.75,66.56,83,0,6.31
427,Pastavy,BY,2022-02-13 19:50:18,55.1168,26.8326,27.3,77,92,13.82
428,Sept-Iles,CA,2022-02-13 19:50:19,50.2001,-66.3821,6.06,57,40,8.05
429,Rocha,UY,2022-02-13 19:47:20,-34.4833,-54.3333,68.22,50,3,15.26
430,Broken Hill,AU,2022-02-13 19:45:52,-31.95,141.4333,76.71,33,100,12.66
431,Xianshuigu,CN,2022-02-13 19:50:20,38.985,117.3828,14.0,92,91,8.95
432,Sitka,US,2022-02-13 19:50:21,57.0531,-135.33,37.29,81,100,8.05
433,Arlit,NE,2022-02-13 19:50:22,18.7369,7.3853,72.28,11,0,7.49
434,Casas Grandes,MX,2022-02-13 19:50:23,30.3667,-107.95,59.45,25,0,6.04
435,Banda Aceh,ID,2022-02-13 19:50:23,5.5577,95.3222,78.12,78,43,5.12
436,Quelimane,MZ,2022-02-13 19:47:00,-17.8786,36.8883,76.95,94,75,0.0
437,Harnai,PK,2022-02-13 19:50:25,30.1005,67.9374,56.8,33,63,2.24
438,Necochea,AR,2022-02-13 19:45:53,-38.5473,-58.7368,69.94,36,1,7.11
439,Yangjiang,CN,2022-02-13 19:50:26,21.85,111.9667,57.34,85,86,5.79
440,Port Augusta,AU,2022-02-13 19:47:32,-32.5,137.7667,74.71,51,51,8.48
441,Thohoyandou,ZA,2022-02-13 19:50:27,-22.9456,30.485,69.71,54,0,1.95
442,Sharanga,RU,2022-02-13 19:50:27,57.1775,46.5396,6.13,99,44,4.09
443,Bayanday,RU,2022-02-13 19:50:28,53.0661,105.5139,-25.31,100,90,7.09
444,Warmbad,NA,2022-02-13 19:50:28,-28.45,18.7333,87.35,33,8,9.66
445,Salinas,US,2022-02-13 19:50:29,36.6777,-121.6555,81.19,30,0,12.66
446,Amposta,ES,2022-02-13 19:50:30,40.7131,0.581,56.05,90,66,6.15
447,Rosarito,MX,2022-02-13 19:50:31,32.3333,-117.0333,88.66,24,6,3.27
448,Narsaq,GL,2022-02-13 19:50:31,60.9167,-46.05,24.33,90,100,7.0
449,Iqaluit,CA,2022-02-13 19:47:53,63.7506,-68.5145,-16.31,75,100,3.44
450,Nanortalik,GL,2022-02-13 19:50:33,60.1432,-45.2371,29.03,80,100,9.42
451,Nome,US,2022-02-13 19:50:34,64.5011,-165.4064,-12.84,70,0,0.0
452,Mitrofanovka,RU,2022-02-13 19:50:34,49.9708,39.6939,15.42,95,6,6.85
453,Labuhan,ID,2022-02-13 19:50:35,-6.8844,112.2051,75.9,91,100,4.05
454,Skelleftea,SE,2022-02-13 19:50:36,64.7507,20.9528,32.36,100,0,5.75
455,Yuxia,CN,2022-02-13 19:50:36,34.0615,108.6291,38.01,68,89,2.3
456,Arkhara,RU,2022-02-13 19:50:37,49.4212,130.0842,-2.24,99,100,1.21
457,Yankton,US,2022-02-13 19:50:38,42.8711,-97.3973,22.12,45,0,10.36
458,Ust-Uda,RU,2022-02-13 19:50:38,54.1742,103.0304,-27.31,100,97,2.62
459,Whitecourt,CA,2022-02-13 19:51:39,54.1502,-115.6855,38.44,48,40,11.5
460,Mananjary,MG,2022-02-13 19:51:40,-21.2167,48.3333,75.4,91,36,3.53
461,Ikungi,TZ,2022-02-13 19:51:40,-5.1333,34.7667,61.41,90,100,0.63
462,Lorengau,PG,2022-02-13 19:51:41,-2.0226,147.2712,80.33,79,100,1.54
463,Bondoukou,CI,2022-02-13 19:51:42,8.0333,-2.8,81.7,45,7,3.36
464,Verdikoussa,GR,2022-02-13 19:51:43,39.7803,21.9722,36.63,89,99,1.77
465,Revda,RU,2022-02-13 19:51:44,56.801,59.9303,20.21,96,100,5.28
466,Mokhsogollokh,RU,2022-02-13 19:51:44,61.4681,128.9203,-22.36,100,98,1.34
467,Chalchihuites,MX,2022-02-13 19:51:45,23.4833,-103.8833,56.66,25,95,8.84
468,Manadhoo,MV,2022-02-13 19:51:46,5.7667,73.3833,80.44,77,91,8.86
469,Hamilton,US,2022-02-13 19:51:47,39.1834,-84.5333,30.78,55,20,6.91
470,Vilani,LV,2022-02-13 19:51:47,56.5525,26.9245,30.67,77,100,16.49
471,Zyryanka,RU,2022-02-13 19:51:48,65.75,150.85,-32.85,95,29,7.16
472,Seinajoki,FI,2022-02-13 19:51:49,62.7945,22.8282,36.18,76,100,10.36
473,Shakhtinsk,KZ,2022-02-13 19:51:49,49.71,72.5872,25.36,96,99,8.16
474,Campbell River,CA,2022-02-13 19:51:50,50.0163,-125.2446,48.92,81,75,4.61
475,Coihaique,CL,2022-02-13 19:48:38,-45.5752,-72.0662,79.41,38,0,11.5
476,Along,IN,2022-02-13 19:51:51,28.1667,94.7667,44.15,63,0,2.01
477,Pevek,RU,2022-02-13 19:51:53,69.7008,170.3133,-17.43,98,100,8.88
478,Tukrah,LY,2022-02-13 19:51:54,32.5341,20.5791,53.91,76,0,2.48
479,Stokmarknes,NO,2022-02-13 19:51:54,68.5646,14.9108,31.5,86,75,19.57
480,Stolniceni-Prajescu,RO,2022-02-13 19:51:55,47.1986,26.7481,31.19,68,51,10.0
481,Gwadar,PK,2022-02-13 19:51:56,25.1216,62.3254,71.1,68,70,5.91
482,Lunglei,IN,2022-02-13 19:51:57,22.8833,92.7333,46.22,57,9,3.69
483,Beloha,MG,2022-02-13 19:51:58,-25.1667,45.05,75.83,87,29,14.72
484,Zrenjanin,RS,2022-02-13 19:51:58,45.3836,20.3819,41.22,64,22,12.57
485,Tallahassee,US,2022-02-13 19:47:13,30.4383,-84.2807,62.67,48,20,17.27
486,Calabozo,VE,2022-02-13 19:52:00,8.9242,-67.4293,95.67,25,81,7.16
487,Raudeberg,NO,2022-02-13 19:52:00,61.9875,5.1352,39.87,94,100,1.99
488,Kintampo,GH,2022-02-13 19:52:01,8.0563,-1.7306,85.77,28,5,3.69
489,Eyl,SO,2022-02-13 19:52:01,7.9803,49.8164,75.07,70,88,19.24
490,Mukhen,RU,2022-02-13 19:52:02,48.1,136.1,5.5,98,100,1.25
491,Karaton,ID,2022-02-13 19:52:03,-6.3424,106.1045,77.95,89,100,1.23
492,Kaeo,NZ,2022-02-13 19:52:04,-35.1,173.7833,61.32,93,80,5.28
493,Cortez,US,2022-02-13 19:52:04,37.3489,-108.5859,52.36,20,0,0.0
494,Ugoofaaru,MV,2022-02-13 19:52:05,5.6667,73.0,80.62,76,89,9.28
495,Pervomayskiy,RU,2022-02-13 19:52:06,53.2485,40.2871,16.12,93,42,8.25
496,Gerash,IR,2022-02-13 19:52:07,27.6652,54.1371,50.14,58,54,6.62
497,Hobyo,SO,2022-02-13 19:52:08,5.3505,48.5268,77.16,74,79,16.06
498,Ostersund,SE,2022-02-13 19:49:04,63.1792,14.6357,37.85,75,100,8.05
499,Mehamn,NO,2022-02-13 19:52:09,71.0357,27.8492,21.38,93,100,16.24
500,Larvik,NO,2022-02-13 19:52:09,59.0533,10.0352,43.47,97,75,16.11
501,Stara Moravica,RS,2022-02-13 19:52:11,45.8689,19.4661,33.58,72,9,10.09
502,Buin,CL,2022-02-13 19:52:12,-33.7333,-70.75,89.06,27,0,13.85
503,Bafia,CM,2022-02-13 19:53:13,4.75,11.2333,75.11,41,40,3.0
504,Safford,US,2022-02-13 19:50:42,32.834,-109.7076,67.51,27,0,10.36
505,Tadine,NC,2022-02-13 19:53:14,-21.55,167.8833,79.86,85,98,6.31
506,Ippy,CF,2022-02-13 19:53:15,6.2679,21.2247,81.86,19,100,4.74
507,Umm Kaddadah,SD,2022-02-13 19:53:15,13.6017,26.6876,66.42,17,14,12.15
508,Sarkand,KZ,2022-02-13 19:53:16,45.41,79.9186,25.9,81,100,4.12
509,Loikaw,MM,2022-02-13 19:53:16,19.6742,97.2094,54.77,32,18,3.6
510,Tomatlan,MX,2022-02-13 19:50:34,19.9333,-105.25,94.39,23,100,9.86
511,Praia,CV,2022-02-13 19:50:11,14.9215,-23.5087,75.74,64,0,18.41
512,Morgan City,US,2022-02-13 19:53:18,29.6994,-91.2068,56.03,28,0,14.97
513,Copiapo,CL,2022-02-13 19:53:19,-27.3667,-70.3333,71.29,33,24,10.02
514,Nishihara,JP,2022-02-13 19:53:19,26.1842,127.7558,64.06,94,75,23.02
515,Horasan,TR,2022-02-13 19:53:20,40.0458,42.1728,9.55,85,100,1.23
516,Flin Flon,CA,2022-02-13 19:53:21,54.7682,-101.865,4.84,72,100,4.61
517,Kutum,SD,2022-02-13 19:53:21,14.2,24.6667,64.87,13,10,9.93
518,Arcata,US,2022-02-13 19:53:22,40.8665,-124.0828,45.21,100,100,0.0
519,Freeport,US,2022-02-13 19:53:22,40.6576,-73.5832,33.66,84,100,10.36
520,Luklukan,PH,2022-02-13 19:53:23,14.3254,122.7124,75.04,90,100,8.75
521,Bonthe,SL,2022-02-13 19:53:23,7.5264,-12.505,78.82,84,29,8.32
522,Uusikaupunki,FI,2022-02-13 19:53:24,60.8004,21.4084,36.12,94,100,16.87
523,Obihiro,JP,2022-02-13 19:53:25,42.9172,143.2044,6.24,95,50,2.71
524,Katangli,RU,2022-02-13 19:53:26,51.7102,143.2326,-12.69,97,17,6.76
525,Kenai,US,2022-02-13 19:53:17,60.5544,-151.2583,29.08,96,100,0.0
526,Lodja,CD,2022-02-13 19:53:29,-3.4833,23.4333,71.2,88,94,2.91
527,Port-Cartier,CA,2022-02-13 19:53:30,50.0334,-66.8654,5.76,66,62,6.17
528,Bereda,ES,2022-02-13 19:53:31,43.2686,-7.5406,46.92,99,95,7.7
529,Nea Alikarnassos,GR,2022-02-13 19:53:31,35.3333,25.1667,55.62,77,75,16.11
530,Yulara,AU,2022-02-13 19:53:32,-25.2406,130.9889,66.04,39,3,5.75
531,Tucuman,AR,2022-02-13 19:53:32,-26.8241,-65.2226,80.6,47,20,10.36
532,Naze,JP,2022-02-13 19:53:33,28.3667,129.4833,58.17,90,100,17.76
533,Hirara,JP,2022-02-13 19:51:22,24.8,125.2833,66.42,84,100,23.15
534,Ozinki,RU,2022-02-13 19:53:34,51.1786,49.6769,18.55,94,91,14.05
535,Povenets,RU,2022-02-13 19:53:34,62.8487,34.8262,29.66,94,100,14.45
536,Hun,LY,2022-02-13 19:53:35,29.1268,15.9477,55.78,38,0,9.75
537,Derzhavinsk,KZ,2022-02-13 19:53:36,51.1,66.3167,18.46,96,100,6.64
538,Petropavlovsk-Kamchatskiy,RU,2022-02-13 19:53:37,53.0452,158.6483,10.99,62,0,8.95
539,Kruisfontein,ZA,2022-02-13 19:53:37,-34.0033,24.7314,65.23,91,16,7.49
540,Hvide Sande,DK,2022-02-13 19:53:38,56.0045,8.1294,41.0,77,100,28.92
541,Bosaso,SO,2022-02-13 19:53:39,11.2842,49.1816,73.53,72,13,2.55
542,Muros,ES,2022-02-13 19:53:39,42.7762,-9.0603,53.1,72,9,18.28
543,Talnakh,RU,2022-02-13 19:49:40,69.4865,88.3972,-7.26,70,17,9.15
544,Diego De Almagro,CL,2022-02-13 19:53:40,-26.3667,-70.05,82.15,16,8,13.78
545,Hlyboka,UA,2022-02-13 19:53:41,48.0897,25.9293,34.57,73,2,4.45
546,Harper,LR,2022-02-13 19:53:42,4.375,-7.7169,78.49,83,54,7.63
547,Husavik,IS,2022-02-13 19:53:42,66.0449,-17.3389,-4.09,80,71,14.05
548,Aviles,ES,2022-02-13 19:53:43,43.5547,-5.9248,54.73,80,40,37.98
549,Aklavik,CA,2022-02-13 19:53:43,68.2191,-135.0107,-24.77,68,75,3.44
550,Porto Novo,BJ,2022-02-13 19:52:25,6.4965,2.6036,84.02,74,9,9.26
551,Namtsy,RU,2022-02-13 19:54:45,62.7161,129.6658,-36.29,100,88,1.9
552,Valparaiso,CL,2022-02-13 19:52:14,-33.0393,-71.6273,71.24,70,100,13.8
553,Lahat,ID,2022-02-13 19:54:47,-3.8,103.5333,72.14,95,98,2.08
554,Kedrovyy,RU,2022-02-13 19:54:47,56.1667,91.8167,-17.14,99,44,5.12
555,Miyako,JP,2022-02-13 19:54:48,39.6367,141.9525,32.32,64,100,4.0
556,Visby,SE,2022-02-13 19:54:49,57.6409,18.296,37.62,87,75,21.85
557,Svetlyy,RU,2022-02-13 19:54:48,54.675,20.1347,35.65,73,100,16.53
558,Price,US,2022-02-13 19:54:50,39.5994,-110.8107,46.11,44,1,2.17
559,Dwarka,IN,2022-02-13 19:54:51,22.2394,68.9678,70.09,60,0,9.75
560,Craig,US,2022-02-13 19:54:52,40.5153,-107.5464,39.54,76,1,1.32
561,Honiara,SB,2022-02-13 19:52:07,-9.4333,159.95,78.57,85,90,4.61
562,Sechura,PE,2022-02-13 19:54:53,-5.5569,-80.8222,82.0,57,90,16.51
563,Srandakan,ID,2022-02-13 19:54:54,-7.9386,110.2506,61.74,93,100,5.91
564,Pilot Butte,CA,2022-02-13 19:54:55,50.4668,-104.4178,35.65,71,75,31.07
565,Blenheim,NZ,2022-02-13 19:54:56,-41.516,173.9528,60.42,95,98,4.21
566,Zhanaozen,KZ,2022-02-13 19:54:57,43.3,52.8,30.24,67,6,12.03
567,Haines Junction,CA,2022-02-13 19:54:57,60.7522,-137.5108,13.95,79,100,0.0
568,Three Hills,CA,2022-02-13 19:54:58,51.7001,-113.2686,43.29,42,100,16.11
